{"cameraMode":{"drawMode":0,"name":"Shaded","section":"Shading Mode"},"sceneLighting":false,"audioPlay":false,"sceneViewState":{"showFog":true,"showMaterialUpdate":false,"showSkybox":true,"showFlares":true,"showImageEffects":true,"showParticleSystems":true},"in2DMode":false,"pivot":{"x":-24.006851196289064,"y":-21.482650756835939,"z":10.435969352722168},"rotation":{"x":0.2521764636039734,"y":-0.5171681046485901,"z":0.16270917654037476,"w":0.8015430569648743},"size":52.64393997192383,"orthographic":false}